rigId,name,profitability,powerusage_1,powerusage_2,powerusage_3,powerusage_4,powerusage_5,powerusage_6,totalpowerusage,status,totalDevices,activeDevices
0-6rN5JGOVDkCjaRy379aKow,Adrian1,0.00041760000000000007,-1.0,73.0,76.0,80.0,71.0,78.0,377.0,MINING,6,6
0-BcBfcyVrlU29GfM6uyRVlw,Saleh3,0.00031968000000000003,-1.0,74.0,73.0,85.0,76.0,75.0,382.0,MINING,6,6
0-lgPVwLhcX0aQX6fALFQyKg,Saleh4,0.00031104,-1.0,98.0,103.0,99.0,97.0,100.0,496.0,MINING,5,5
0-DaTez0ZIP0CScukASRMcKQ,Saleh5,0.0006393600000000001,-1.0,102.0,105.0,97.0,96.0,97.0,496.0,MINING,6,6
0-sTX6GiNMcEe7q6uQKe4p-Q,Adrian2,0.00030528,-1.0,99.0,103.0,93.0,104.0,99.0,497.0,MINING,5,5
0-7w6MAyMhTkCtleLpzcgUdA,Saleh1,0.00046080000000000003,-1.0,124.0,94.0,77.0,77.0,77.0,448.0,MINING,6,6
0-Jf4mMKtxaEiE2OPmiFa07A,Saleh6,0.00045504000000000003,-1.0,103.0,106.0,103.0,102.0,91.0,504.0,MINING,6,6
0-7Cag4DJrHkKRA-gRoB9CyA,Saleh2,0.00039456000000000007,-1.0,76.0,86.0,77.0,73.0,77.0,388.0,MINING,6,6
0-dzp5SuJnGUChUbftJR1u7w,Adrian3,0.00058464,-1.0,104.0,99.0,109.0,102.0,95.0,508.0,MINING,6,6
