rigId,name,profitability,powerusage_1,powerusage_2,powerusage_3,powerusage_4,powerusage_5,powerusage_6,totalpowerusage,status,totalDevices,activeDevices
0-6rN5JGOVDkCjaRy379aKow,Adrian1,0.00045216000000000006,-1.0,73.0,76.0,80.0,71.0,77.0,376.0,MINING,6,6
0-BcBfcyVrlU29GfM6uyRVlw,Saleh3,0.00045216000000000006,-1.0,73.0,73.0,85.0,76.0,75.0,381.0,MINING,6,6
0-lgPVwLhcX0aQX6fALFQyKg,Saleh4,0.00042048000000000004,-1.0,97.0,103.0,98.0,96.0,100.0,493.0,MINING,5,5
0-DaTez0ZIP0CScukASRMcKQ,Saleh5,0.0007200000000000002,-1.0,101.0,104.0,97.0,95.0,96.0,492.0,MINING,6,6
0-sTX6GiNMcEe7q6uQKe4p-Q,Adrian2,0.0003427199999999999,-1.0,97.0,103.0,93.0,104.0,100.0,496.0,MINING,5,5
0-7w6MAyMhTkCtleLpzcgUdA,Saleh1,0.0005184,-1.0,123.0,94.0,77.0,76.0,76.0,445.0,MINING,6,6
0-Jf4mMKtxaEiE2OPmiFa07A,Saleh6,0.00058464,-1.0,102.0,105.0,103.0,101.0,95.0,505.0,MINING,6,6
0-7Cag4DJrHkKRA-gRoB9CyA,Saleh2,0.00026496,-1.0,76.0,85.0,77.0,73.0,77.0,387.0,MINING,6,6
0-dzp5SuJnGUChUbftJR1u7w,Adrian3,0.00036575999999999997,-1.0,103.0,99.0,108.0,101.0,94.0,504.0,MINING,6,6
