rigId,name,profitability,powerusage_1,powerusage_2,powerusage_3,powerusage_4,powerusage_5,powerusage_6,totalpowerusage,status,totalDevices,activeDevices
0-6rN5JGOVDkCjaRy379aKow,Adrian1,0.00038016000000000005,-1.0,73.0,76.0,80.0,71.0,77.0,376.0,MINING,6,6
0-BcBfcyVrlU29GfM6uyRVlw,Saleh3,0.00048384,-1.0,75.0,77.0,85.0,77.0,75.0,388.0,MINING,6,6
0-lgPVwLhcX0aQX6fALFQyKg,Saleh4,0.0003772800000000001,-1.0,98.0,103.0,99.0,97.0,100.0,496.0,MINING,5,5
0-DaTez0ZIP0CScukASRMcKQ,Saleh5,0.00043200000000000004,-1.0,102.0,105.0,98.0,96.0,97.0,497.0,MINING,6,6
0-sTX6GiNMcEe7q6uQKe4p-Q,Adrian2,0.0004953599999999999,-1.0,98.0,103.0,92.0,104.0,100.0,496.0,MINING,5,5
0-7w6MAyMhTkCtleLpzcgUdA,Saleh1,0.00051552,-1.0,124.0,94.0,78.0,76.0,77.0,448.0,MINING,6,6
0-Jf4mMKtxaEiE2OPmiFa07A,Saleh6,0.0006076800000000001,-1.0,103.0,105.0,103.0,101.0,95.0,506.0,MINING,6,6
0-7Cag4DJrHkKRA-gRoB9CyA,Saleh2,0.00038303999999999996,-1.0,76.0,85.0,77.0,72.0,77.0,386.0,MINING,6,6
0-dzp5SuJnGUChUbftJR1u7w,Adrian3,0.0006998400000000002,-1.0,104.0,100.0,109.0,101.0,95.0,508.0,MINING,6,6
