rigId,name,profitability,powerusage_1,powerusage_2,powerusage_3,powerusage_4,powerusage_5,powerusage_6,totalpowerusage,status,totalDevices,activeDevices
0-6rN5JGOVDkCjaRy379aKow,Adrian1,0.00033984000000000005,-1.0,73.0,77.0,80.0,71.0,77.0,377.0,MINING,6,6
0-BcBfcyVrlU29GfM6uyRVlw,Saleh3,0.00043776000000000004,-1.0,73.0,73.0,84.0,77.0,75.0,381.0,MINING,6,6
0-lgPVwLhcX0aQX6fALFQyKg,Saleh4,0.00041184,-1.0,97.0,103.0,99.0,96.0,100.0,494.0,MINING,5,5
0-DaTez0ZIP0CScukASRMcKQ,Saleh5,0.00043776000000000004,-1.0,101.0,105.0,97.0,96.0,96.0,494.0,MINING,6,6
0-sTX6GiNMcEe7q6uQKe4p-Q,Adrian2,0.00035712,-1.0,97.0,103.0,92.0,104.0,99.0,494.0,MINING,5,5
0-7w6MAyMhTkCtleLpzcgUdA,Saleh1,0.00031104,-1.0,125.0,94.0,78.0,77.0,77.0,450.0,MINING,6,6
0-Jf4mMKtxaEiE2OPmiFa07A,Saleh6,0.0005932800000000001,-1.0,102.0,105.0,103.0,101.0,95.0,505.0,MINING,6,6
0-7Cag4DJrHkKRA-gRoB9CyA,Saleh2,0.00042624,-1.0,76.0,85.0,77.0,73.0,73.0,383.0,MINING,6,6
0-dzp5SuJnGUChUbftJR1u7w,Adrian3,0.0006451199999999999,-1.0,104.0,99.0,109.0,101.0,94.0,506.0,MINING,6,6
