rigId,name,profitability,powerusage_1,powerusage_2,powerusage_3,powerusage_4,powerusage_5,powerusage_6,totalpowerusage,status,totalDevices,activeDevices
0-6rN5JGOVDkCjaRy379aKow,Adrian1,0.0005155199999999999,-1.0,73.0,76.0,80.0,71.0,77.0,376.0,MINING,6,6
0-BcBfcyVrlU29GfM6uyRVlw,Saleh3,0.00044928000000000004,-1.0,73.0,73.0,85.0,77.0,75.0,382.0,MINING,6,6
0-lgPVwLhcX0aQX6fALFQyKg,Saleh4,0.00047519999999999995,-1.0,98.0,103.0,99.0,96.0,100.0,495.0,MINING,5,5
0-DaTez0ZIP0CScukASRMcKQ,Saleh5,0.00039168,-1.0,101.0,105.0,95.0,96.0,94.0,490.0,MINING,6,6
0-sTX6GiNMcEe7q6uQKe4p-Q,Adrian2,0.00040032,-1.0,99.0,102.0,93.0,104.0,99.0,496.0,MINING,5,5
0-7w6MAyMhTkCtleLpzcgUdA,Saleh1,0.0003772800000000001,-1.0,123.0,94.0,77.0,77.0,77.0,447.0,MINING,6,6
0-Jf4mMKtxaEiE2OPmiFa07A,Saleh6,0.00048672000000000006,-1.0,102.0,105.0,103.0,102.0,95.0,506.0,MINING,6,6
0-7Cag4DJrHkKRA-gRoB9CyA,Saleh2,0.0004665600000000001,-1.0,76.0,85.0,77.0,72.0,77.0,386.0,MINING,6,6
0-dzp5SuJnGUChUbftJR1u7w,Adrian3,0.00039455999999999996,-1.0,105.0,99.0,110.0,102.0,95.0,510.0,MINING,6,6
